[
  {
    "id": "695508da-cb04-4616-9b3b-6330602494c0",
    "text1": "Welcome to INFINITELTDGROUP",
    "text2": "10 Years of Experience",
    "text3": "We commit to bringing great benefits to our partners for a desirable <b>win-win</b> solution by offering our best quality, <b>competitive price</b>, and superior services",
    "background": "uploads\\1748166600814-798401929.png",
    "createdAt": "2025-05-24T09:46:30.014Z",
    "updatedAt": "2025-05-25T09:50:00.880Z"
  },
  {
    "id": "fec1b626-1360-440c-a584-41799be3c7ce",
    "text1": "Welcome to INFINITELTDGROUP",
    "text2": "10 Years of Experience",
    "text3": "We commit to bringing great benefits to our partners for a desirable win-win solution by offering our best quality, competitive price, and superior services",
    "background": "uploads\\1748080207718-255654837.png",
    "createdAt": "2025-05-24T09:50:07.762Z"
  }
]