{
  "address": [
    "141 Middle Road# 05-06, GSM Building, Singapore (188976)",
    "3308A, 33/F., Hopewell Centre, 183 Queen's Road East, Wanchai, Hong Kong"
  ],
  "email": "ceo@infiniteltdgroup.com",
  "phone": "+65 316 58 048",
  "title1": "Information 1",
  "description1": "This site contains information on products and services that target a wide range of audiences. Please note that we are not responsible for the access to information that may not comply with any legal process, regulations in your country of origin",
  "title2": "contact us",
  "description2": "Connect with us on social media",
  "copyright": "Copyright © 2017 - CAN ALLIANCE GROUP - All Rights Reserved 1231",
  "updatedAt": "2025-05-27T15:38:25.643Z"
}