{
  "title": "OUR VISION",
  "description": "<p><b>INFINITELTDGROUP</b> is confident to bring best services to every customer. <b>INFINITELTDGROUP</b> cooperated and supplied product from China, India, European manufactures in the Pharmaceutical/Chemical sector. Each manufacturer always guarantees their facilities with approvals such as WHO-GMP, KFDA, PMDA, EU-GMP, USFDA, ISO, etc. The offered products and services certainy meet customer's requirements width the best effort.</p>",
  "data": [
    {
      "title": "Core Values",
      "description": "We compare prices and qualities offered by all our suppliers and provide the best option for the client."
    },
    {
      "title": "Our Mission",
      "description": "We are dedicated to provide value added services and solutions to our customers. Integrity. Reliability. Respect. Responsibility. Loyalty."
    },
    {
      "title": "Our Vision",
      "description": "Our vision is to be the most preferred pharmaceutical services provider for local and global markets through superior service and timely delivery"
    }
  ],
  "updatedAt": "2025-05-25T03:09:02.605Z"
}